User_ID,Prediction
12549363,170.37921
13995058,198.4052
17223277,53.31316
18175714,162.62344
17841615,213.61055
16418277,180.55258
19165109,84.76377
18199020,46.022133
13570908,82.249275
18084777,56.278282
11341405,127.178795
13203902,51.32304
11756678,17.001265
18234025,140.01897
18654886,209.51872
17188091,13.1679535
12083988,106.98564
19771974,130.02168
10315802,165.92216
13191795,10.594195
14661843,63.823864
13228675,98.14818
18442309,35.271812
12356103,89.09573
17118372,25.526031
18809970,138.67024
16192447,91.60409
15397806,199.73734
18868750,126.774864
15385584,105.7349
18723537,24.293917
16898284,222.43373
13061946,63.90466
17143494,49.649044
17017700,126.54413
16687495,126.113686
19674610,32.407955
12804422,131.50055
13338635,11.34785
15797904,130.45886
14854195,185.40613
19057159,169.41193
10803548,142.64151
14173949,60.14022
13282604,63.580772
11907551,51.791885
18997284,81.04449
18423089,203.45804
11860761,135.39278
14889237,122.63405
15094064,13.117748
12259016,109.55317
16417729,162.19638
11160389,108.86111
11583193,64.25648
12302799,90.03583
16611029,169.42506
19292845,20.433662
10812157,32.12039
13057536,95.83795
13900047,39.101685
11693744,108.426895
19579367,84.17989
14316629,51.117973
11998292,45.42167
12924695,132.75322
12636484,221.01653
16713463,123.74262
13164897,103.9695
13782587,41.227398
13798638,134.54292
11737355,35.830437
10780511,11.072956
11524122,152.6847
10999617,37.634705
19786486,90.96246
16473518,65.58516
14003775,73.304924
18398697,51.993923
12982082,171.0152
16423930,171.22614
16325118,142.22935
13857166,91.54093
15960426,104.05762
13034064,61.862244
19584126,185.00192
18067287,139.92346
12005737,16.95841
18426166,155.29561
13379618,47.57439
16042664,37.08882
16446052,37.48625
17095611,31.128984
15589598,189.67822
11464905,10.160467
13185217,10.648994
17823052,232.28474
15118439,112.89809
12164109,198.69652
16647083,168.9172
19676431,16.973722
11158313,102.34808
13197304,173.1348
15580707,169.8002
10811492,65.97858
14495392,167.58461
13690107,36.990673
10451413,21.569475
13918604,177.91415
16082376,32.625725
10712052,108.12434
19715842,186.21362
17657345,42.933723
19136513,143.32164
12736185,50.422726
19573367,86.47566
15717463,77.167076
16563524,63.613785
15381703,13.422772
15157311,6.2900233
14430730,165.99962
17861443,60.682343
14222192,38.96429
12222855,19.964336
18863986,30.707857
13212378,94.18958
14554560,45.60955
13798941,57.55508
18082650,106.06254
14108894,76.5203
11956200,62.185486
10420638,188.77364
16090965,68.569275
19841917,142.56586
16612767,108.128456
10299836,75.77229
13558123,72.512794
15813794,62.36777
13220892,166.35411
16445155,20.79391
15675242,101.35329
12055629,14.555629
14708063,109.696335
19225724,35.540962
14700408,14.233141
11713594,43.829113
14489692,146.87154
13788834,83.18519
19135581,122.036804
16682378,87.387825
16480275,38.11695
16161839,80.468956
15878611,70.0093
14477337,18.124744
10804602,100.839554
11109935,59.007133
14852672,137.33057
15537129,43.422672
10487596,198.7037
19902934,38.328857
10255842,128.85213
15450960,102.96042
16819144,112.83367
17301298,156.67131
13439969,67.62336
18451511,29.657063
10104386,42.975735
18273470,109.91696
19486170,209.17339
16913565,107.774506
16881110,68.90297
12922230,81.49457
17708474,6.090333
18551947,71.49874
11709610,14.9712305
13052161,49.29046
18345317,11.035815
13002310,58.988438
11028954,173.03043
19720092,195.16263
18636358,40.498848
19916602,77.64676
15899221,73.38159
19890878,124.6043
15148015,133.89853
10876168,83.11222
18300732,11.935681
15438462,56.70426
15607088,157.6536
14847598,6.9480906
18826115,38.796303
10994334,6.8656573
11541155,170.8156
19467322,42.43521
14226375,183.66785
11411183,98.989525
19275069,9.472336
11395289,198.89551
19753808,7.084234
14510801,10.991482
19488650,6.853181
18193091,128.27959
13310205,31.352938
10311591,37.191948
15117490,85.70777
19084039,89.550964
18922964,130.33112
12030953,84.85136
14861471,13.777017
19271328,64.61687
11651821,62.733612
15638062,190.64584
13910402,171.84866
19737155,16.441792
15455162,50.168015
11045810,65.58139
11921243,82.89401
19988317,150.4155
11283803,45.44451
13245068,91.62023
13919809,145.00426
19726861,69.51473
14353475,125.33481
10048196,181.02983
13063778,80.538155
18581701,44.04449
12893407,73.38159
14534663,149.14867
14402513,57.729332
11991458,6.815484
14467814,63.743965
11053374,64.41028
13421333,59.459675
15603206,72.29939
11933230,12.379546
18907327,47.850742
18314939,126.40773
10459338,20.55953
15393805,144.9171
19896062,23.530521
18544417,17.586212
10928279,195.17648
19715870,91.200516
19227952,10.964912
11680981,47.749046
18565764,75.23881
17401435,40.90521
16557786,119.66104
15364988,41.232025
14168440,20.180437
15090204,53.40916
16295152,94.350655
14330210,50.689526
12593779,108.20301
13967757,113.73539
11616478,29.979439
16048075,13.117748
15053436,110.5599
13226083,130.75702
14851002,17.561146
15312578,25.419073
13367877,68.89048
16165299,51.917248
11942073,24.913305
14499450,25.135805
14947633,4.4726787
18096377,64.19374
19742571,19.781725
13981062,67.76626
12597863,177.03522
10077557,94.427635
18567343,138.06734
16858173,16.050217
19284046,151.31735
18305966,20.115625
17919013,50.154667
13705532,78.79141
11839827,155.2482
10293839,11.925079
14625393,68.53649
11756583,171.03625
11794204,109.320946
16485564,32.159374
17890190,14.856458
10248976,175.72546
16973642,44.20901
17549375,41.803555
16390887,52.46872
19318419,96.39115
10157295,50.277016
11765471,167.31184
18332679,29.959679
16430252,70.83698
19431944,57.40927
17636210,124.86886
17419235,43.380054
10126377,85.43193
18151115,131.51266
12363678,132.49037
13883058,198.04797
18404578,207.96768
13065291,4.05369
12095824,199.84177
13706384,107.94495
15349518,73.12728
15917218,148.18454
14127126,62.9059
13464795,203.66348
14761417,189.50128
13531243,136.35855
15546601,70.21633
12079828,40.80777
18544558,168.24028
18095715,83.86869
14758258,184.01912
16073180,192.78738
13635471,229.33945
10610016,150.93253
19935593,52.994785
13611223,226.29396
16096368,205.3619
14376995,90.63136
15585440,160.17052
16833000,76.23528
18158564,59.97994
15744468,11.08297
16039970,83.836075
12155209,97.0928
16569335,79.603714
16783162,74.80266
15409745,14.54038
17585464,118.153625
18296214,6.6594186
18145627,88.41914
17952771,39.773415
11218653,102.702705
17548410,98.620186
10776413,157.5585
18223575,93.32131
15699085,121.48487
12917470,24.668663
18704438,185.113
19604365,81.68402
17476522,145.8601
19808698,86.79296
14076267,14.320509
15989135,35.15122
16518456,74.70401
19115156,26.217257
14767779,165.94144
18890018,183.07373
11833919,62.883884
17987097,135.79245
14697434,68.58786
13965766,64.35292
13127431,3.828634
11336771,171.27483
11666971,184.576
17749229,135.88797
18434917,126.42817
13454914,81.80111
10825757,124.69667
12955525,145.51337
19627063,30.4867
13166742,168.18408
13518939,30.637953
16959962,139.64542
14164545,23.484211
11028654,200.50694
18369171,110.18062
16284326,27.055422
17323526,112.02304
19486187,91.545235
19925665,131.49115
17177140,20.251217
13963778,171.4823
11161294,207.9448
10670189,198.24387
11300311,47.484737
15523047,79.777596
19549420,139.87871
18947699,23.525337
15740792,31.729748
11109348,206.44478
15367074,6.8656573
18241080,4.1001005
12848526,169.87657
11356128,88.60598
18557561,101.15019
12569624,179.92712
13680204,160.00653
16061236,21.686022
16642924,110.21042
11539773,135.6748
12679497,34.931908
10902241,171.80241
17171621,94.11877
19727825,20.968807
18818054,108.22755
13741110,132.43651
11962395,89.62223
12764279,184.95297
15500413,152.10751
14862083,156.43535
18752018,113.105415
17153489,101.00015
19358109,17.324821
14275480,66.47873
16927353,163.3916
10174029,204.65343
19594607,110.49287
11967522,207.71602
13033070,7.1180973
14223192,54.967148
13884571,168.84831
16050482,10.673599
10158414,54.000652
16952678,82.42176
10244000,40.266834
10229762,6.479375
11456581,162.5882
19052585,36.29916
15797807,88.69801
15397869,69.29766
17755538,138.14983
17010521,44.992344
13602903,47.257755
12933664,10.50139
11763720,65.23184
19445849,94.472466
10232911,87.99164
18904436,210.49886
15077435,58.916725
16127786,4.4726787
13777887,184.36232
17006078,63.023754
10494169,65.68926
16709658,160.50545
17358233,44.159412
15382966,176.1037
11304866,211.51317
14954248,45.49882
17543576,46.807907
17569800,68.47572
12624213,212.40353
11979612,132.45293
19380588,154.19777
18424958,40.324783
16853970,87.81831
14060949,45.733124
16300919,106.61834
11680010,125.29519
16290700,73.540375
18875049,55.04919
19416303,28.398985
18489846,41.550747
10266885,116.92918
19267175,153.1348
17921022,184.05524
11948320,155.0358
15292175,87.071175
12826845,198.12436
14285377,75.05859
19358330,110.814575
14433627,95.29954
12290506,49.23383
18821278,94.89082
18466669,57.148552
18191103,148.60234
18583921,7.1180973
16554864,90.62351
10826147,34.605732
11966394,42.601875
11989680,23.333698
12319687,180.68216
16203156,190.78795
17348994,31.729748
17102445,34.617603
16382966,27.731148
14917389,39.28193
17422182,37.043633
13098248,23.67303
10570155,186.80682
15008390,137.7191
11969700,54.405033
17806696,6.7488832
11877586,4.0047894
15772788,211.51317
12330499,23.63064
13462534,6.4049754
17184236,203.09233
15563326,91.200516
11060769,71.56765
14314908,56.70426
19712626,87.80037
17024253,45.65205
14494156,20.955805
13727191,15.537041
12088340,132.54482
18184462,119.98031
12061462,14.486998
17157866,109.76636
12663057,181.99333
13025999,20.632347
17143275,103.71437
16915497,20.948824
14661410,159.42949
18157671,68.86118
12698942,188.19713
14248532,130.72339
19689908,70.68823
13325818,82.10617
14373677,32.39366
18728217,37.971188
15687807,61.212875
15031709,140.9826
11640033,159.20413
17762006,7.189533
17300463,188.47797
18423500,28.286352
18867459,50.079693
19956618,92.45205
11717487,203.1231
13657808,133.73822
16859377,102.42667
12668423,73.79219
11158097,107.30418
18250919,10.58008
10477080,174.45375
18139213,192.56139
16861387,68.07342
17674162,143.81694
14777378,28.963503
14810201,140.81558
19553846,104.706955
14422916,95.83795
17761176,6.8656573
11769784,113.549835
13629888,63.37834
15032148,48.33081
15865351,123.59119
10013882,19.525314
12053690,139.86205
10211651,78.405045
16131570,87.66502
18682525,85.696495
14997748,22.947565
18190007,103.98271
19385373,181.74232
16509162,30.654694
14418662,43.04039
16618332,148.30296
19452062,107.913155
14338206,119.28963
17838616,68.65758
18280943,21.975182
18557469,139.94289
17699499,108.748146
12610747,180.0172
18989710,38.436974
10630310,3.828634
17731293,28.989298
13708815,197.96538
15291398,82.50933
10556827,54.50028
10442926,123.92732
11971930,29.959679
18109896,132.305
15118662,3.828634
12923824,33.63421
12600728,33.758125
11142922,36.893967
12462491,26.42607
18996844,187.7746
13897571,54.159286
12756164,12.442508
11236270,14.609162
12399826,52.727097
11944290,23.1335
10354823,197.96729
14616526,83.526794
12344142,232.94522
13470606,90.87964
16202796,41.3792
14116675,87.14953
11639090,35.97518
19718404,91.506905
10636184,168.02415
15558914,174.06456
10912661,19.895144
14777311,148.70615
15304818,214.24028
11231211,30.919327
10480604,201.60864
18473115,71.74295
19976691,20.33979
15874362,11.273803
19644961,143.28755
18685732,145.9872
15603034,74.84521
15128163,188.32599
11594161,88.52252
12734839,238.53816
14435368,166.892
19195820,145.08788
11314616,83.37076
11188547,122.11573
16792673,35.2135
12642027,107.30386
15164049,104.189964
12589803,65.6936
11796936,91.767525
18380093,126.28088
17017081,45.609417
15150878,20.403482
14211921,15.87454
11290538,86.69659
16698154,191.34816
11566569,27.69596
15217381,138.41603
13218598,194.78204
15054705,7.154131
16182645,40.924187
15108647,17.845066
13890962,61.719555
16330457,65.594055
10250475,103.95447
19948051,206.58221
19743177,89.219635
14600903,93.33079
15381496,20.219738
13896084,54.47768
18053386,177.8003
17910606,71.68312
16710861,40.374676
15219259,33.6345
18458539,145.77043
16959072,111.89789
12024446,54.374283
10131998,137.0508
15658862,24.620182
16733217,26.849598
10072090,80.216354
10826473,43.171974
18789619,7.189533
13423522,182.65617
15019146,85.96507
12190043,80.621956
12302421,26.996744
19020086,76.076454
11741754,80.56294
14714345,150.37079
13377470,90.55737
11083038,6.983493
14429861,12.88355
12505221,13.039598
18488315,115.64183
10012801,91.94747
10332883,6.9806094
16732256,34.755474
16025145,11.913467
19693886,65.74893
17791415,92.37523
19392699,18.032084
19379018,100.22451
19070128,72.66627
16415104,156.14458
13178607,183.0313
15931804,66.67759
12341644,237.7912
17906295,136.60777
13873260,35.49872
13234647,117.25
10137820,107.545456
16864285,77.87751
17308957,188.11606
17755287,17.587828
14623070,124.117714
12888250,67.63734
12966987,74.73784
14460322,3.828634
12196897,115.42168
17605056,160.47278
18643037,7.098445
17091336,13.117748
19209157,29.070284
15710102,175.1569
10965339,60.735874
19869971,93.90833
16984792,84.374405
10117681,221.65512
19148024,16.281319
11030399,232.39467
11876838,190.64584
13390054,125.127785
12298601,48.04345
18602518,125.46547
17192236,69.25017
10229285,78.79663
10969295,108.10431
15916234,155.70259
12150397,74.876465
19053854,62.793278
10625848,188.44681
12747945,73.354294
19254310,24.561035
17114577,118.83242
16262909,28.714811
12318694,6.7832766
17696084,52.454876
16102225,70.20086
13975608,10.545043
15705598,45.748222
11944224,10.731091
15218744,173.33066
16057645,107.50427
16653476,10.922585
15480584,10.454304
12334750,131.28777
12892291,55.290245
16346869,97.50735
19378732,67.72623
12437385,124.50893
19993615,69.74678
12020646,109.98314
17462480,108.96955
19578668,37.843815
16910616,61.962967
19898430,186.56606
13066276,83.257675
15158798,198.90558
13463250,102.7996
12803578,7.532488
17916473,195.66568
17714995,74.941605
17516466,80.1137
12184919,61.962967
16957159,36.91125
13045372,155.33313
18259750,227.33162
12018394,111.932785
18085674,21.121931
13884548,55.108284
13327512,51.01987
19608119,43.598087
18922575,23.98495
10944343,15.43458
11588315,90.50691
19665517,205.05557
12658380,193.19933
19103918,69.59921
13867618,20.180437
12825749,4.24992
17603698,54.437687
15005792,80.582344
19149260,26.199804
19626098,184.33963
16363754,47.55037
11789688,29.40029
12720501,118.11852
13710236,78.79141
18176641,93.32297
10351855,94.8711
18327796,79.32555
15698033,62.30556
11351244,155.43701
15340295,4.2005577
10918735,10.487193
11084582,92.76203
18001980,68.04441
12150676,6.757558
14142051,56.370754
12950892,171.92523
19791279,4.3941
13362491,133.41711
11983096,33.15027
16458764,201.55945
16166803,118.22037
19325095,181.01357
15356645,106.60045
12788358,204.7664
15752599,152.91158
10608340,17.58346
11475190,27.300962
17679036,145.6763
12510103,23.159994
10123661,104.8754
14971780,145.64207
19209733,76.0548
14057988,7.872072
11218506,145.46179
19574948,153.72368
14641475,34.467186
10593248,29.930325
18858935,147.33836
19354247,70.16263
15537965,49.618977
15529181,119.26445
15233628,4.441827
15864287,234.41016
13396128,69.29163
13749090,42.75191
12477808,24.819317
13442652,159.64278
18037289,4.073764
17292135,6.891994
14527077,90.30412
12966327,110.65588
17125361,81.750404
15973537,155.12065
15527192,74.15933
13073159,137.71455
11660033,143.39627
17573893,48.869987
16089376,62.793278
12777341,40.442245
15748028,7.279539
17651971,80.1999
17898833,54.455654
10621456,67.72256
10850183,11.055621
16378365,143.51994
17120164,103.785065
16971500,58.055508
19894655,67.69154
10526924,155.30614
18857418,75.26449
17775419,85.20001
19155103,40.947502
13456668,16.353565
13474794,104.842636
17063121,177.40945
16299205,10.4397545
12728072,28.76755
14342459,69.73922
12940540,209.88597
16792185,112.62901
13428591,204.93047
14464504,199.80185
14254234,13.117748
11472319,220.93924
17352972,20.43806
18107311,160.61752
13139047,150.84653
11946762,111.74801
18553147,60.66138
15623588,32.48157
13338473,5.017463
12271222,175.59512
19097171,59.78288
14102172,38.7107
10020479,204.9307
17768109,6.7952547
18165149,105.750145
11935759,49.067432
11952300,169.02576
17671848,35.2757
10257114,194.29295
10268173,70.160706
13260915,33.779057
19616233,171.37624
13495983,20.413818
10836250,92.72073
16859033,196.97087
13606343,127.31906
19604069,69.007416
17900575,7.4678745
17906117,62.067905
19606143,52.731834
18293520,131.79
15130072,166.21828
19929063,145.45705
12150256,120.60426
14347203,171.41765
10494078,194.39305
10775847,74.72623
17027369,49.96105
10958982,25.67691
16254200,178.10196
14706546,48.92901
16487611,109.36757
10891271,109.63275
15550530,43.83955
15740386,119.25512
10466957,88.204124
12617696,62.56038
19910728,42.59605
15812790,75.880684
13823829,6.9938135
16473431,204.78754
17754080,108.94478
12396352,155.33313
11326795,91.436935
10695412,45.590656
13137444,173.11232
16060578,148.73347
12079729,91.91942
17634227,133.22835
18963715,51.00235
10205471,41.912582
19896929,136.03949
11882329,84.0423
18251057,3.8775346
19222525,177.11115
13990932,32.899822
14907689,12.554345
14526147,109.00382
12508804,45.44451
18936440,67.002304
18657993,50.787743
17572853,138.03143
19764462,41.738396
13075455,176.61778
12895125,35.02385
15830893,16.582985
17575596,167.6299
12026352,150.02332
11192750,72.356384
19208436,6.6999826
15486386,95.45845
13339827,56.750923
16271091,90.875565
15295331,207.92429
19360607,241.4417
12674899,7.0067396
15142644,20.901964
18676028,76.23528
18113761,214.4333
11951461,159.37646
14281978,22.298166
17374074,105.865425
13064141,120.84377
19874640,32.783695
10160535,123.45736
15701879,110.51687
13240724,40.256214
13115277,105.9011
17993246,46.0645
19692512,132.55219
14333424,193.62312
17923422,7.1180973
18497253,191.04132
19713379,26.410536
11027619,27.134096
11765098,98.73234
10590077,204.16992
15507728,145.4741
19812268,58.97298
14580760,70.14082
14898857,116.212296
19085419,88.68646
10928008,95.813965
19922065,11.947071
11943193,199.45047
13065142,149.03587
13246319,49.953472
13517666,105.53964
17521408,7.1421604
10241958,147.13643
19145400,6.3032274
12348364,12.787896
17657824,6.466171
12281792,87.7007
16474372,143.01819
17438830,23.29281
18521428,97.98641
13950707,190.56242
14936982,105.618065
17174976,7.2233963
11621985,167.12485
16929476,194.98715
18445506,52.01258
13780557,137.89925
15629105,177.38022
12549309,6.4925075
11688497,110.21834
11204053,96.82228
13086636,131.26123
12226404,138.35509
10581301,68.688095
18314931,36.574284
13407400,62.237495
14468905,21.45609
16871492,151.09943
11007977,59.44723
19109837,7.8589716
10481882,178.16843
17227640,71.65315
11604799,63.62536
14268261,124.762665
19593226,34.39662
14277142,182.59845
16200540,184.05524
10115284,11.485965
17151775,45.49882
14667306,63.336853
17054511,45.590656
12194986,68.77122
17844052,162.9338
10687967,19.916182
17972545,51.58958
18298527,45.65094
11684127,45.285446
15610530,15.965231
19416338,35.909782
11567280,19.452875
12088481,131.40175
14661363,45.08587
16579928,99.522194
15958775,74.956116
17928104,30.134106
16883252,24.644293
17024549,43.348152
11592925,157.41074
14133520,48.170494
17330495,135.20523
12978657,84.23918
11116171,167.17531
10129910,26.970457
10556798,105.20028
13628975,145.04198
12726357,79.5318
19669217,112.912476
12835963,30.695528
19455241,170.8073
17433353,199.26543
17152651,7.1994004
15995398,34.643585
15957173,61.060265
12486687,189.26334
18304419,152.93793
15381308,112.69933
14178497,79.059525
11568547,179.41045
10134350,81.08343
18225118,43.64453
18180430,138.51295
15020453,88.553055
17811884,124.04133
15851066,155.69986
10679148,104.124985
12568395,176.31732
19136396,205.35165
10641564,105.39035
12259323,213.34952
17349961,139.7429
16053929,5.000827
16904485,41.225014
19601683,17.464052
19640300,168.16006
10315717,14.740681
19715782,12.834965
18258413,86.85958
16257971,58.376823
12492246,89.477585
11388698,63.653275
13038144,89.25648
19998603,116.67229
10749242,61.7871
13782816,41.87202
14208170,10.798338
13761848,35.69571
11141025,4.4726787
10712930,13.2864895
16108423,75.33761
19092010,6.9519606
15935038,166.99854
15384983,45.316444
15672166,68.32799
16991521,21.553665
10302267,121.64121
15119296,12.289523
10388146,56.736717
10041638,80.84165
11907199,172.59558
13954315,55.604435
15805510,10.887047
17496189,79.94379
18647795,43.763958
11471355,45.63822
13127106,162.34026
15861036,119.50153
18797005,56.89275
16504606,124.66427
13872524,14.953139
18408109,45.94013
19614585,111.85756
17035174,24.504126
11636441,168.90714
14508404,121.83148
14525296,204.89293
16299581,6.13923
12025402,91.62023
19823260,81.92812
17538197,101.30684
15369798,140.9842
13285045,12.88355
12985572,91.49137
15850859,26.718904
17371262,43.276787
19796584,66.44621
10484869,76.37576
11810121,32.00186
15790423,150.32028
12132339,124.40976
10918689,38.12722
13447451,62.267876
14077818,171.00056
10133801,160.40971
15162283,121.77044
15814212,86.6021
15783742,146.50854
19666541,80.49725
10137959,61.067753
17115421,136.07121
19630701,81.69056
10132457,126.561226
12301038,170.61993
17544745,145.35336
19802483,109.218605
12917144,52.790226
13987695,42.94159
11900999,80.70576
18521918,113.322075
16592155,162.13643
12291372,171.82373
14647387,147.88991
18028877,32.728394
17592324,11.207005
10445536,81.00682
11300613,23.208645
16454462,73.36182
13523610,127.2108
14837578,152.08693
12720868,66.3159
17818665,33.945282
12278300,231.96767
14920065,202.85336
16311601,148.00218
13567779,88.79992
12657700,28.298025
16784301,134.56883
12751806,124.69141
12595589,190.0346
13380817,6.9806094
19487257,20.309225
12470563,7.151672
11898845,150.84016
12879279,182.2877
10725494,31.139406
11376204,166.88013
18880919,123.73356
11772037,10.530928
18355557,87.16965
17316287,54.115814
19032967,12.8906145
14469880,171.0152
14560093,94.24482
10960666,131.45233
11413986,132.88562
13812171,58.19946
18085938,156.9884
13769960,137.14876
19797460,164.82094
19648443,98.3929
19385622,88.80142
10030937,153.11618
11028106,118.25936
17781417,20.224957
14428857,51.63517
13906295,16.86575
13811073,51.379597
17510042,15.767477
10925816,30.306704
15340495,142.48792
16497640,10.440188
15101589,12.913599
17824478,189.72676
11544557,76.46054
18471107,58.443592
16023351,75.340866
16002571,211.51317
11023357,4.0415287
12735892,141.95848
14964611,35.0685
17917883,63.522766
12578037,12.899602
14069307,173.6915
17990752,183.67091
12410730,98.79499
13837020,32.213436
16488985,101.44206
14734204,184.4133
16187828,93.8106
15876285,54.05601
18972354,90.97678
17494080,10.845855
11481041,136.23114
16126183,201.83208
13277989,39.8425
17371350,79.32555
18499359,240.45668
14270161,102.43502
13134028,21.45609
19755395,128.41197
15208526,42.934696
16109757,10.67082
13168347,206.44478
13020317,131.62032
10011812,53.40916
16925643,134.13684
15763672,16.915878
12436331,29.15472
12115190,11.830028
12860475,68.35245
16700865,26.093088
14814971,153.5328
10081258,116.74647
15031986,10.440188
17239485,186.25613
10460203,67.21146
17690511,125.69492
12841523,177.84735
19091879,154.89703
15983344,70.52035
16398414,183.27155
14660795,191.45433
19026992,72.592
19839960,60.148838
17643401,70.64423
11294536,105.397606
15280249,17.478033
19135706,70.76976
10280911,34.907806
15404515,11.065089
15499779,181.75284
16716471,139.31091
12538968,62.073452
19114546,105.11985
15975029,26.655188
17169871,193.17644
12659284,104.68181
12228347,183.02492
14584253,41.803555
16353157,11.211116
17911210,99.27462
13854205,29.07033
13137758,7.098445
11956634,6.3824916
14715979,114.58696
14335927,86.6021
16335033,63.5207
11079294,26.956964
12205400,95.55948
18011669,110.751816
19937105,98.40901
13020449,189.25604
10384770,23.9885
16933466,142.78123
18864632,37.673717
12339121,35.578712
15761095,163.6385
10587939,52.215454
11864438,33.779057
15631560,48.223923
17178684,50.491184
15142192,159.90771
14003614,200.85094
11890127,44.368294
13674642,164.92046
10800093,92.68082
18993624,214.56544
13438528,223.73938
19691507,16.019573
10480790,106.2285
15925835,10.6853695
11586893,131.5167
16309125,24.922052
12613285,40.743828
15993245,87.83415
12847753,50.90797
11158328,11.9479
15074838,25.855728
16020649,178.07753
13617043,156.07791
17767631,56.600624
10044774,113.48859
18037928,163.65688
17382283,40.04837
18794890,58.570705
16969674,106.99136
12680425,169.74574
19339030,19.714188
18979629,185.88571
18818738,6.23985
15247493,153.1348
11914274,50.410316
10153799,33.774616
15179818,188.8311
14565579,33.257652
19536630,54.806103
15059795,198.18637
16735236,77.92538
12686066,115.11957
19877336,155.76886
19714157,104.36072
18115026,236.70737
12903365,66.88966
10889897,201.63522
19948847,59.12998
12652678,125.12192
19677464,136.98788
14180543,39.43973
19951388,7.1994004
13862112,53.168865
15017250,67.57755
17795547,20.137777
13248962,62.3232
16005883,7.846827
16915994,151.06737
13467771,13.1322975
19862023,11.869013
19903249,104.050896
19435593,185.50887
11048913,128.0968
16810366,80.37196
15572882,156.65079
15228800,70.07816
17673217,3.978151
14066271,83.64346
18051437,234.73708
11983331,98.24123
13015459,159.40025
14405270,150.77159
15936301,22.329205
11603478,200.04922
10838219,38.95888
18655705,92.64929
19814184,117.34399
10277001,14.546489
12461328,7.248007
11220068,116.105865
12128736,51.10565
10880425,53.440475
17423388,88.36817
15418365,30.086481
18772197,193.49826
14533301,163.03987
13210322,59.72229
18125679,59.71577
11300212,93.062256
18233224,13.338497
12925052,26.710855
14938437,233.87852
18715447,131.14734
14448257,153.80907
18644412,149.7716
16442069,194.24081
16392133,63.461353
15733989,13.709313
17961995,90.296394
18252836,178.44786
11518195,179.56331
11615919,8.473062
10329719,60.515045
16830440,70.728386
11816376,6.884713
18233713,136.1899
13392219,98.30268
13827729,104.68006
13713143,170.3718
18266691,109.320946
14774225,134.71675
19794702,41.39164
13591165,68.525215
14431680,88.56879
10694934,140.89389
15893802,31.830088
14467709,52.79668
17914146,150.58353
12166146,146.91092
11594770,16.427013
11888391,29.568853
19966675,33.680267
17918574,151.16882
16630436,43.94273
12965906,31.108551
19917515,66.31873
12274315,64.38267
16701146,104.85113
18074033,24.218874
11337017,66.91037
10999566,116.45471
18986390,84.13638
18802617,171.91862
11729165,38.34238
17929599,204.04709
14365744,93.20159
19128201,100.4336
12116349,21.222538
18121420,152.08693
16065679,108.39353
10242244,206.83142
16811918,71.48875
14818166,47.94681
11865234,183.22467
12586756,120.009705
18059709,102.39936
13192669,16.016895
16645534,36.250683
16798826,140.29614
15303833,43.4244
16765426,59.07988
18909493,124.95716
10280257,146.88307
15775471,23.923199
15817418,193.17426
13570952,112.417694
16518267,238.09991
14309378,85.97103
16771018,168.89714
10265844,213.9707
10866924,79.458046
18151671,132.43027
14870382,11.939629
16475143,26.441551
15323218,156.97006
14917110,145.03821
15399629,123.51571
10251536,114.699776
10068396,130.81664
15791396,28.847122
15072997,27.288061
12323198,141.14291
17700887,29.15472
19407643,21.45609
14033574,6.826787
12620966,108.84402
11041500,85.53536
18993769,42.58471
16128896,140.02863
10941600,32.34606
18444706,20.091911
18986921,6.581123
11978134,137.27898
17897028,45.49811
12857174,156.94371
11565892,147.60739
10079137,52.399624
16180408,69.87671
16673593,48.505642
17119003,19.963356
11976117,67.098595
12817804,187.64891
19081831,20.620016
18095026,35.854164
16729306,135.60594
13061333,108.86111
19729140,195.62355
15928744,47.820503
16917034,30.4867
12384726,24.620182
19207712,120.53091
12140316,237.60168
13613817,61.574146
14788249,158.16692
10735159,148.17334
14105081,15.847376
17470279,70.32755
15836080,182.14796
18867457,175.40897
10227552,41.830532
11767579,220.75764
11382604,3.851816
15675194,164.02452
15558386,19.916182
16131760,95.4157
11427185,204.67757
10758572,29.191118
12373545,102.809204
14119028,142.01526
15464961,95.21722
10388266,52.323605
13887001,70.34147
18567630,120.82571
10799580,11.1845045
15844244,62.336643
10121024,190.40274
16772615,48.29779
15680934,35.49821
15331150,141.14029
11684109,75.449936
16366436,6.090333
18694030,202.84216
16785631,136.20149
11617467,27.821945
16121256,193.08598
10159698,60.841557
18457526,129.32431
15054452,134.59888
19000838,193.4425
14923338,75.26972
14395577,18.406662
14647747,52.616413
10053023,118.000084
18417736,112.30866
15462287,172.96603
19315987,109.88648
16221860,16.928856
16356363,19.565145
16425653,172.93193
19170181,102.79697
19049578,6.9806094
10201123,48.562336
19617776,164.06198
10041318,16.79626
19159010,52.59883
16769607,227.6703
10406833,87.98958
14806449,7.1994004
12476950,190.43066
13801821,52.016064
13066498,167.82364
10681639,69.62507
13628657,184.5078
16571030,36.23488
10224780,4.073764
14397689,26.250856
15119665,6.826787
16926563,89.58978
11835252,97.96673
14767434,35.97884
12591152,116.23484
11119175,169.06201
15000109,37.977165
13395260,51.96627
13361345,4.4774847
18833583,38.674477
17235113,144.14145
17552591,136.05783
14365826,30.509771
12834952,213.27153
12333421,182.81258
12256111,170.81953
11039948,28.184072
10117815,176.24849
15351545,40.324783
15125074,63.59058
14199182,71.71353
18357402,41.75111
17220466,105.078926
16102997,203.61058
10784322,215.87062
16515805,11.227075
18401432,70.11868
17564541,149.69736
13568528,10.637215
10651496,112.21336
15729439,54.876568
13714424,148.4543
17514764,141.3085
13920685,76.86086
15934377,109.74044
10047325,94.15728
14043610,14.852726
15706744,164.68144
14691174,83.455574
11806334,48.471535
10241519,24.533266
14701930,109.14372
14891076,178.52031
10531396,73.212715
16352651,25.77231
15931302,90.77955
19191395,35.49872
16111547,23.918892
11287337,198.09395
17094041,95.35488
12370784,53.38899
18240810,182.85654
19849872,40.016956
10461308,21.035938
11352685,17.792461
12366903,139.81053
16972480,94.71781
17181524,132.15977
16266919,11.006438
15892437,77.52009
13738193,116.14891
13825848,30.965982
12484482,169.02576
16647725,96.53852
10562381,27.184996
13255858,94.609474
13646799,16.582985
18834201,75.27786
11480876,77.22078
13935110,26.98916
15944181,144.53574
18272188,196.05171
19912939,159.85349
16053479,201.38849
11719121,152.97449
19045953,3.828634
14206471,44.307743
16287414,174.0716
17777188,168.81123
15325109,90.629364
10980041,72.13977
17701747,57.50777
19532190,60.770966
19066888,83.676865
14771702,137.6022
11985090,6.983493
10488201,11.07307
13870294,27.5559
18972977,11.072956
15154342,28.75964
17946518,190.13133
12768264,123.56045
16408324,6.9519606
18545960,206.23946
19544033,116.65116
13065158,93.45452
14088332,139.62393
15425530,51.236187
10039189,106.869095
13755382,219.10463
14435543,64.408714
12475002,97.54221
16175343,204.4028
10537052,17.561363
16928647,14.28131
12641918,4.188717
15503569,123.34819
13771824,110.8765
15424154,124.11677
19023270,4.24992
12179387,122.474045
14155558,134.63747
11604006,151.7659
10814313,156.96684
15593888,50.079693
15530497,124.80467
18383050,153.33139
13087659,25.794191
15905404,39.203533
15238405,132.44647
16870818,51.381588
13335632,175.5668
10984938,185.94054
14012808,149.8987
15275311,12.629229
14899436,113.25789
15602974,204.8083
13741521,192.32605
10797742,60.66818
16408479,6.772073
16143118,16.100948
16009926,65.342384
12071382,14.3773985
16566986,210.91083
19184527,58.75055
18115792,32.320194
12770387,99.67788
16915381,90.23198
15019351,23.7412
14556630,108.22755
19246060,55.397163
15869217,122.59298
14876319,15.046586
16521616,177.87761
15695294,20.681583
17472077,37.516907
18682151,31.482286
18657112,35.296814
14296711,63.75405
14273029,112.6693
12493640,44.674477
10043979,88.27025
10018305,6.2664766
11844111,48.481052
19477660,63.63321
15831321,142.90033
19235693,4.1001005
10935124,35.40611
18209611,52.09434
18252820,20.253925
17367800,62.004635
18852038,81.96592
11566584,121.70407
13811744,187.17
19874426,7.227394
11909827,51.35007
12338147,83.010475
11502386,121.76054
13992137,149.35698
13043596,25.027536
17941428,72.69537
12374371,128.98642
14156465,35.527374
13082443,36.40078
10781632,125.23363
12405425,20.744982
14567014,20.34837
15343030,66.910255
11540058,153.55858
11813226,6.772073
10660887,55.90451
11547850,174.907
11761828,206.1432
11477614,31.144798
16437264,36.062096
11734804,16.928856
17823688,29.657063
12725723,77.898384
17662178,119.88762
15252606,119.433235
11847975,115.488846
10374360,168.93033
12014624,110.00962
17632939,14.06696
10259605,20.611483
10939512,194.69283
10199130,93.10799
18580982,25.891672
10757805,4.1564817
14500931,48.688023
11564427,180.8862
18652422,121.24362
17884946,14.174188
19367182,109.90601
10699201,53.58548
12478835,29.922142
19098320,81.29085
17127278,23.478855
19212878,95.55948
14105244,62.480827
10442557,6.4159975
12451704,221.09888
13588822,11.1845045
18357633,236.17441
12136065,36.8555
15510441,157.20201
19035293,167.79271
12184877,113.60057
19111689,27.259104
12014300,121.34579
10654497,135.22296
14522123,182.94218
18830129,19.540237
10061627,14.320509
17557348,169.95947
14449674,197.53003
19633902,77.59246
15007836,36.314587
16500737,143.12334
17943492,123.42752
17307095,157.11626
18347688,6.2900233
14677919,190.88066
16761962,165.78285
11245535,54.532066
19517363,155.60689
11557134,111.84181
19926427,97.19085
10559626,13.4152355
12269522,19.911049
13607724,195.17061
13871231,17.627619
16104833,44.355946
19443080,147.91258
12787102,101.839935
18560987,166.62544
18612405,6.757558
19929360,122.36367
18708175,170.60329
11436572,50.402294
17964837,165.17955
18419219,46.2014
18228062,19.81857
16323950,20.362843
10231717,45.139263
17351708,173.87242
16045051,93.39231
13044803,34.13021
17573094,74.22281
16456283,11.890198
12849819,176.97104
16490266,195.48077
17966486,85.62151
14849801,36.656265
13633470,175.77296
12051724,174.849
13390777,158.91808
16323163,37.363647
15747020,62.02792
11015052,45.722652
12669956,108.62262
11429199,204.78754
18576735,23.412247
11301572,25.031378
19441232,90.14188
13101491,126.80363
12240246,4.24992
10831200,21.516367
17326367,6.826787
17150251,48.40773
11113500,11.494995
14250379,202.43552
13362434,68.34465
11590119,176.06227
16720944,20.995691
12725801,12.831719
14932910,19.878832
13877263,40.25104
12683983,31.369144
14164987,182.2877
15278502,124.29556
15334997,127.530945
17484343,142.14091
17071307,166.09723
16084237,57.304996
11019387,182.87555
17635362,240.46672
18271283,167.76608
11917982,65.326096
12016709,206.44478
19576866,19.95069
11194130,190.00064
14414496,45.2439
18715496,12.734802
15716761,35.743744
19608093,51.793377
16405593,92.114685
10988521,201.32808
15948470,24.477612
17117573,125.65718
11969058,43.646736
13266927,29.908539
17364987,71.361916
14897353,64.88299
19298349,200.68016
10554747,63.27508
16697958,13.541558
13147627,66.65228
12383652,133.3591
17671943,84.01255
10234951,177.29494
13277808,82.85972
14065836,10.454304
19031522,61.237507
12806997,177.01155
11022378,23.323326
18385028,128.92735
14344420,28.172337
11099585,48.310196
11692750,21.548752
18011722,81.31868
10142566,167.9049
12242593,123.158424
14215771,6.8656573
18834955,199.41328
12882823,95.93815
15976902,38.20591
15701030,6.2900233
15901851,120.73486
16333757,102.1126
11222613,11.651781
17479420,14.171922
13315933,193.1239
14582681,166.14261
16232426,181.92795
14269819,15.260911
18594452,100.35354
15840377,87.37266
14507249,31.352938
11968334,43.68425
10561982,145.8601
12088858,60.66341
12601969,190.27106
13087084,167.0652
17446692,101.00409
14611732,112.05112
19929743,91.004555
12982023,141.2176
10574846,13.370467
14350099,95.06227
14381201,198.87541
11255898,119.33033
14686511,184.87549
18097245,35.830437
13867407,124.23914
11085102,82.772385
16014802,147.17223
10788929,180.91432
19917566,62.13889
17728423,132.7195
13172849,83.8519
18206117,105.30114
12116666,212.79326
15172401,150.86658
12466516,156.77399
14775158,48.594727
17996502,13.770102
18359791,20.137777
13417310,24.743967
18057763,167.86505
16818429,31.33073
10925383,26.223658
17438241,191.26753
10199610,59.055595
12366148,20.323664
12354924,63.9799
12965936,7.0315104
12817309,60.7145
17521745,131.6054
10181065,122.92817
13654804,47.214565
15168455,142.40555
14176654,78.120255
10467074,194.51709
17487188,166.47156
14510596,201.76613
11122624,162.92949
19955129,169.58548
15526188,12.481882
15103183,64.37739
17688328,20.51177
17739883,140.75145
11372824,190.88066
16555457,165.72054
11367314,164.06613
14794863,7.619521
10886709,108.7724
10143089,10.573242
17926631,108.34026
17004303,135.10951
10387714,107.78562
18331439,25.135805
18790504,145.82619
15273699,121.86616
11390260,16.605934
19999086,39.207966
17345039,124.532745
18478250,30.383116
19267304,37.03373
15600179,176.5864
18198050,29.574213
17296410,69.51473
15518016,48.64594
19649047,90.63959
16543055,176.66656
18353709,54.83807
19830011,32.0243
11953032,88.785095
15335118,207.22356
10823777,68.78191
12607460,15.132405
18741499,88.28594
18319225,48.64594
11895922,38.83199
16116547,64.22563
12075809,157.10101
12847212,19.916182
12446714,17.521614
12209671,31.729748
17876911,19.97701
18738475,202.2958
13564712,15.553469
17404782,89.55991
13262589,212.39763
16834972,23.859335
16977964,173.33066
12011289,32.225487
14214214,13.674478
14289807,183.91086
17823841,145.71727
17624255,15.809181
16030251,64.36961
16609098,151.77
16384252,79.87356
10687000,169.13591
18468299,194.22768
14754307,67.06115
10363700,223.72296
12796349,138.1479
13368313,11.087619
11530218,35.578712
19928569,69.418236
15887550,90.15884
12854895,29.181705
14785428,33.022655
11596788,28.61296
14193376,50.163563
17046325,159.37646
13460127,139.70036
19026556,141.4396
10763803,88.186424
19714526,130.2286
15991712,22.380632
15327195,164.87169
16684429,69.980255
15680979,45.24492
19398606,31.382788
15785718,164.95193
19250593,24.020796
15286971,21.394903
10926498,194.15671
10437871,150.66919
17282192,58.683895
15606411,229.29538
13523445,186.16837
19295195,49.26749
17403075,47.10202
15673884,106.19139
14260901,147.55234
13156882,167.08647
13818456,62.692028
11580094,85.98199
11264158,93.88714
19334604,53.705296
12492743,143.6649
12302947,100.32049
10162019,27.864286
11497178,159.64555
15033895,146.33154
17110501,187.34778
10494313,79.56445
13560718,65.03496
14710937,20.34837
18224812,25.467329
18360780,86.66558
10263593,6.983493
14558438,107.71015
17064853,20.208973
14608298,3.8775346
14928332,75.56482
16347757,15.710503
14273223,49.84538
13967751,217.65242
15152578,10.417919
15336635,37.600243
13989217,15.553469
15138479,83.86076
13368237,90.874084
19668956,38.245327
14761809,86.521545
16711357,21.082056
17847428,235.22311
18172386,109.98061
17932828,12.897187
11022237,108.6572
18799994,20.20886
19604604,121.44991
12372384,55.30278
14870937,96.229836
15114833,134.09332
19061466,95.17561
13554130,142.01122
12626916,48.14546
18920588,170.30173
17888854,203.94115
15483091,170.86003
17386233,162.1575
12751108,27.544302
17334990,28.76755
17949654,77.438736
16250058,30.986446
13876122,136.20436
17477715,48.568363
13504699,110.3101
18625017,123.98675
18325453,73.47458
17382240,161.05725
16254852,147.23874
16330345,75.717476
11986086,107.392426
15137480,69.89027
10679574,152.64127
18330457,104.41933
16647489,97.54221
16000348,80.026596
14132117,54.211796
11403094,93.97858
10067859,209.18106
11592559,183.36655
11706516,20.305037
15050012,34.797386
15598877,44.53291
14972495,124.75468
10600476,28.795225
14666892,6.090333
15143739,226.7103
16773888,82.626854
19606867,17.011848
17152515,93.33079
13667533,80.83162
16869558,36.091
12668224,17.468485
12556165,68.972336
15980106,80.8921
16725651,17.237463
11006555,43.763958
17070353,20.632347
16495512,187.90953
10953410,3.8775346
12660464,120.234695
16292172,114.78662
13070578,33.278584
18212961,73.045235
10581265,24.227262
14699748,183.90302
15809434,54.426445
14896640,30.85258
15568358,107.49509
16452980,192.61507
16198416,198.37518
13297449,32.329662
18328111,106.89774
15582159,61.225063
11458777,103.50835
11034081,20.27291
15425156,41.191784
15385293,143.44708
12416246,120.48278
18758816,56.003136
13609739,109.331795
17153443,33.13558
16540682,6.090333
12836071,163.55478
12370982,230.67842
15933821,63.778313
13404165,14.049636
15768703,10.573242
13522792,114.589134
15600012,224.0225
14839368,81.264595
16863805,123.85361
14874470,4.7357063
18230784,78.5311
13709683,74.91766
14447222,3.828634
11560557,14.255433
19385688,69.15912
19087162,195.40498
19326195,107.42326
13854199,210.11188
14478823,101.84919
13595349,10.8313055
18203533,202.43298
11483730,144.14433
13364765,209.66614
10088727,21.606167
10083493,50.351017
11229506,187.06625
12275039,9.533797
12281127,140.41243
15485262,10.99745
15769427,123.55371
16778352,57.994896
12553617,153.73001
13282360,85.044136
10252570,62.845814
19721849,29.323914
11025560,69.69273
16938655,69.13208
10107692,72.56445
15140300,11.227075
11545356,47.878296
17668463,154.23921
14106644,216.02028
18523193,11.306846
13719627,91.60478
19524165,157.64302
18450512,45.316444
14186239,23.560642
12870966,94.16866
13168765,168.65338
13690001,119.31042
17210344,4.188717
10886594,84.486664
17424396,106.51879
13473706,99.12681
14139296,12.272427
16026910,157.115
10746319,202.2958
11871729,6.090333
17072398,87.62207
15591904,157.89362
13080839,93.239075
11970819,198.9768
15032342,152.16322
15540014,13.951034
12529768,131.2337
18649330,24.813757
11374989,115.24906
12130884,153.94308
13474809,91.80566
11000028,117.19317
11400717,34.665623
15577578,108.692566
12091387,211.21945
18335920,116.88539
17022075,26.30845
13403096,110.703064
14262429,196.3185
14319968,160.48087
10018244,80.43401
12781738,73.43037
19809825,91.51168
18368131,47.00534
10028049,59.726795
15927085,133.33447
12994937,129.6513
17702743,122.18738
12144507,54.3788
15192349,86.11783
19708157,183.28795
13191605,15.573908
15031392,140.22757
16756755,120.467964
16037729,131.51637
14534591,36.240627
16636401,48.3562
12891883,20.304783
17347005,71.10544
17034076,43.750504
15707190,178.5403
17302103,14.3984165
13076521,121.464584
13614753,65.82705
11917559,187.45929
15643866,118.23574
11562178,35.608013
11106719,68.380806
15909353,125.13587
14866208,108.34913
11597377,175.14012
15274716,190.9101
17326579,61.108093
17552338,88.05047
19181116,65.28736
13041261,50.064564
18669158,81.60078
13690968,39.368122
18864985,12.8906145
19916629,137.48909
13494256,170.6755
16401041,29.4918
17338539,151.2971
12976318,146.26138
13862441,121.567375
15744897,212.39763
15502888,16.963306
18764895,13.56117
14575443,14.595311
19521409,26.357193
18734065,110.679565
10580116,100.43277
10741750,188.32681
15425554,39.445244
18288472,124.26473
16111354,18.485085
14488616,61.70511
11785699,13.082045
10837809,124.676544
14536728,7.193531
17625048,203.91365
19444111,19.914083
19897784,104.84193
13844905,219.21404
14799807,12.224917
11300933,112.586624
17714542,160.46579
17540371,54.41306
11466227,124.65729
19458350,176.56758
10350524,150.52502
11829660,102.905426
17415559,186.69507
18095209,162.48773
18389662,33.931934
18975061,62.387825
19151004,52.06811
16318598,91.527756
14532664,62.71641
19866745,182.63937
13763873,195.37686
17002036,85.01006
10904484,34.334396
18592462,49.895367
15263095,106.97937
16088961,52.49121
18213523,185.05482
12492789,19.797558
18244985,174.6919
18898139,39.800934
10485469,192.90648
19391669,13.177107
18885482,54.657204
11617781,31.07332
16091848,134.0951
14906539,175.3534
17167492,42.156082
19314419,44.69016
18108835,166.33037
15026717,78.79141
11672096,167.60765
11198377,30.436417
15157306,25.01551
19332658,121.99356
19818377,176.87306
11444699,58.947823
17490627,39.411224
14838024,173.46468
19700305,26.68661
12587971,210.11188
16754561,106.92798
11644663,20.190079
13725682,151.712
14338281,108.61289
12936049,140.50078
10137587,128.9019
15623286,160.18654
14250390,156.21031
12659452,68.35245
12851776,150.9663
13016776,137.58191
18513891,175.33948
11673300,11.745073
16888296,165.74368
19820276,22.238886
16630259,89.12136
16228731,11.011999
13975512,203.72783
15201066,38.27413
15506845,46.961197
13215599,105.13597
18047962,14.488321
16863302,48.410652
17327058,95.25326
19437988,106.050804
12463073,67.26797
16878529,92.315125
10986664,182.38737
12592190,31.540026
13837465,45.620266
17360894,202.28642
12281497,116.21807
15894547,103.59853
17434461,211.69621
12459186,128.23932
19217037,165.28836
18407550,162.6179
18798142,14.472161
17356135,124.029015
11137896,51.58958
14450070,4.073764
19936740,31.729748
15035775,20.956049
11255341,187.75728
16030587,24.04766
18999907,20.417862
10847453,165.96503
14717693,16.71518
14424004,94.59314
11691529,209.26855
13145104,220.20961
17239311,104.43238
18890342,103.83069
15190273,164.95193
13420481,152.29807
18218453,87.47403
10365097,20.837643
10492516,41.74601
11346670,16.964918
11385369,20.237299
10860261,11.8708725
13547603,23.09741
13215072,21.748314
14990535,177.01286
19558300,54.3615
13386883,12.154183
11985458,168.27637
14187841,68.34021
14799183,66.276566
11930345,159.70993
12895547,142.75072
11677554,154.39952
11751495,63.589874
18973839,68.849144
12832561,10.587791
17568795,188.02554
16674329,152.00284
12489895,103.558556
10613630,40.36945
16075398,85.25172
19083881,31.352938
16909168,99.23492
15924483,128.68953
16028570,99.46096
19489756,34.573048
15870890,184.66243
11758182,3.8775346
18559105,178.28372
16581433,67.50203
12156953,68.413635
14824646,59.136738
18339409,203.77399
17051391,17.38212
16571009,139.76831
11153847,190.66628
14311584,7.2350583
10072976,183.51912
17341291,25.031378
10309291,49.948605
12596923,152.5123
13224828,16.729795
19397286,93.32297
13881710,93.20159
15760787,145.8601
11473245,28.692331
16716551,110.50445
14306958,43.422672
16577673,112.0439
16800770,14.491716
11609353,123.08132
16994274,11.013317
13137999,4.2005577
16781885,140.57016
18727348,151.34479
19653903,189.54759
14938136,85.706375
10964398,64.569305
10512468,58.51955
19170352,16.51153
13228796,155.89067
17841776,183.88132
10923384,38.57269
18966686,128.67067
15521491,10.258055
13345779,27.159325
17201432,121.62198
16952972,104.163345
15412272,14.320509
18545619,49.011482
15532079,100.60002
14194039,92.47358
11778430,88.35052
17496393,113.01397
10570131,33.46789
19965344,20.39494
14477570,102.1126
15386312,193.50838
14830607,143.87827
12591250,9.89749
15599270,212.54868
17990990,162.25941
12339392,92.745186
16886392,238.40935
18858634,55.138012
10439964,176.8394
14725194,43.763958
18786778,112.77711
19682415,107.54878
17674330,28.022963
11832495,84.49557
10735054,3.828634
15438943,19.994299
15440405,195.98703
15419356,208.41539
11335374,38.97056
11217409,94.16143
13725013,84.93114
14695026,139.903
14084118,13.624867
16244343,116.92514
18821785,90.371506
14353562,65.88146
10128705,115.918655
15247102,209.92998
10690925,39.360077
10921011,16.87514
10283089,67.098595
19108474,45.2696
10473042,100.07452
12735435,210.8896
12571479,107.96434
19738383,6.734376
18573828,26.276392
14026831,80.30287
18616446,12.899602
19971278,53.739395
13799464,218.42303
13834701,4.1543074
11004182,58.97013
14561375,47.5267
15379395,158.23566
18086810,203.8259
10692785,72.684235
13366422,103.8668
15731797,151.2486
18262263,75.67798
13189650,133.6377
15537466,162.79279
17082791,162.98315
12132331,24.133581
15534077,117.99507
12472308,33.413284
10877907,83.32905
16078624,46.20549
10604757,203.77399
14120233,213.61055
16006697,17.182209
14604733,212.05493
18721040,56.079273
18282658,57.28319
19954248,70.96918
14641755,50.165607
18728608,86.90859
13061066,16.697435
10264634,45.110165
18010312,25.366888
10028780,73.64543
19870086,36.22809
10216564,26.87821
10157076,29.380514
19260136,183.28795
16972419,13.769952
15068217,42.58685
18128873,43.24067
18973201,167.7096
17338250,6.757558
19222811,132.88562
10359693,117.05363
12212390,98.53453
17654143,72.96328
17926715,170.3702
18833152,24.819317
12061497,43.38551
18993256,52.731834
15798343,47.57375
13023498,118.87562
16447284,48.169174
13195956,106.23992
11800713,4.24992
11453596,45.738495
18789452,56.600624
10539993,35.503387
10331021,29.608208
13612977,47.952206
14950017,172.39365
15955077,191.54024
19807300,105.54403
15786512,17.468485
19826586,171.46478
12492198,32.02772
15929303,49.619934
19015743,97.660034
19999647,157.06117
17464299,44.317513
19716102,96.38899
15539064,111.4875
13944797,237.1149
13435615,141.74237
15744627,166.06262
12765990,43.147297
13582178,193.41814
17007545,113.55685
10399838,64.37739
15006457,123.158424
10679568,86.293724
15534088,113.88103
12946627,74.771385
13816658,111.387115
10146798,55.318256
19473874,158.00282
18468491,6.8788614
14245374,129.54057
19613531,204.46754
18001704,85.302956
16279613,140.1717
16798190,47.331203
10256991,37.43105
18830467,52.616413
12429676,92.97129
10110611,15.028729
14206207,139.80753
13770697,42.808605
17876281,78.120255
15662247,100.37481
13514429,23.006027
17175966,25.496092
19508477,34.30668
16393413,88.91993
17757241,97.65252
13226857,44.614693
15380542,32.287285
14143316,93.68515
11772472,72.22508
12165950,73.15441
12418381,204.92776
19212210,191.7691
15278532,47.479668
10614397,125.500725
13019170,22.745369
10838973,126.09693
10798827,149.97433
11467410,205.05557
13209388,169.73419
11152314,67.20536
14282992,108.83286
19851050,13.370467
17380204,23.98495
17004999,106.92798
15051033,15.830357
14135687,133.66498
12598637,170.56471
10320322,30.231213
16044930,134.75235
19441309,26.305082
11992881,187.69121
16545953,97.25854
13611443,103.94913
15190143,10.182064
13823902,29.878403
11051208,106.53749
11449060,201.41293
10430500,15.809181
15327142,7.4549294
16797205,48.115826
18580687,17.136171
17654776,96.39636
14265144,165.18306
16685296,59.081413
13177714,202.49796
17081240,113.86271
14425719,92.117546
12829800,109.5367
13517596,15.814667
11527659,80.13894
12918539,63.87306
14361662,22.618528
14865790,179.16692
11185950,205.24612
11437286,190.4993
15068840,114.02939
19281514,107.31215
18731446,89.979195
16561650,149.93622
15442775,25.56813
19072275,171.40767
15853624,119.40623
13370901,44.539932
13695578,76.212006
18495187,79.40797
10072811,13.22093
13795687,158.79343
16205668,49.1959
18327253,52.616413
17452289,12.703009
12305352,186.39545
17930828,20.261662
10742434,12.289523
13019750,97.25854
17005346,22.16753
14232180,90.84076
10155474,182.8111
14262321,120.403946
18283695,134.16188
15338507,13.548734
19773706,53.70169
15869354,66.90944
19147723,66.31618
17267779,202.8876
17120460,139.51262
11337442,143.13878
13290021,136.1899
18311837,42.16723
11160152,154.5093
14472159,91.718315
16043164,14.545796
14254415,191.13219
19302532,99.08063
16311850,36.170715
19190374,26.569315
13585639,25.491447
10680542,173.17763
17727250,35.940857
10093132,92.2148
19981385,72.13977
16151290,59.076042
14093741,70.11868
14419247,69.15235
10892729,75.97667
13532628,12.512493
14177765,115.348755
11001220,12.288694
17448185,13.648766
13379110,70.131035
16852339,195.25278
16933823,107.90509
18471125,46.059795
16614077,172.34903
18502026,184.11777
11326028,64.28211
13652855,29.29973
17289141,93.32297
10848574,36.641083
18422455,30.73381
17261510,10.587791
14862392,167.89667
15837100,97.29911
15217189,29.733463
15020614,199.4438
14036783,144.21695
19430994,94.197014
13827208,62.70603
18881969,33.326065
15092128,155.87436
19816151,12.831719
19289749,91.527756
14632707,121.59473
13572891,21.492035
14907931,19.648884
18551283,174.08665
12419219,12.733788
16268386,7.3921194
12895751,163.23257
14205582,86.14793
19804174,81.646935
15621084,32.216927
14230580,57.218315
16785355,211.71414
18780935,66.8936
16059383,145.7542
10483224,150.49043
14767857,52.582523
14951216,79.176895
14989845,58.194595
19783354,182.66078
18517438,78.61245
16403093,153.33653
18571705,20.654228
17637168,24.888704
11247583,6.983493
15401439,135.92902
12646743,25.362186
13207490,180.90318
14129099,173.74426
12382002,228.34938
15036615,111.314766
13826942,7.227394
17703398,86.822426
12264117,168.31674
11179649,118.914406
17634084,178.68742
18957677,67.528114
19006714,41.04531
18368929,56.800777
18747415,22.328262
13547937,131.35083
11056688,24.019154
13566849,144.06651
19374616,177.77342
10495621,10.807743
14242095,69.98977
17107172,31.246223
10582652,6.734376
12522065,38.796303
13777657,146.9743
12247180,128.8325
14425494,6.581123
11499025,202.47458
14959313,6.815484
17091027,181.8867
11134212,43.347496
12788936,138.75049
10059915,52.512836
12130072,7.1180973
18229097,41.18626
13408614,156.82907
16631219,95.1549
14924017,44.00045
15511677,13.818425
12499028,67.92638
11165210,104.53706
11037174,16.562233
13080362,189.23798
14400570,148.84885
15492973,190.53828
16177154,24.940775
15848696,169.5218
19959990,100.15759
14111027,99.05301
14141100,62.8688
19951807,106.972626
18372001,14.345389
17859254,181.50485
13383665,165.84654
18535673,102.27288
10814160,157.45946
13124716,27.909906
10908938,161.76799
15666388,83.10564
18764570,19.44928
12548450,13.804937
10568406,64.0882
15697554,37.58643
17964265,37.97189
13574880,25.77231
16746512,106.66903
14157184,34.598324
13263146,4.4382854
15701624,213.46646
17238286,165.18306
15801734,73.039604
12054695,52.599777
14023847,25.958399
11585443,109.75972
11485875,28.773336
12986502,132.79178
11424977,141.8841
19945874,133.91962
19099859,198.8875
19991959,128.0968
17831754,108.38673
12751168,95.84413
17350386,75.26449
13616455,193.98407
17863290,4.188717
15798675,50.161
13885247,134.45206
18972763,25.31389
16156252,100.473274
12201712,96.52655
13822725,86.61944
15673228,238.20335
19774028,159.57864
12951251,6.8656573
10752745,7.1180973
17298482,71.231964
18046507,188.6871
19789885,65.094635
13000210,137.8316
13839245,7.084234
13123907,20.460665
12925470,34.560184
16218520,107.98757
16445981,53.48341
13952760,172.71373
13004804,61.27285
11850270,59.44723
19198527,26.057144
13004444,165.3358
11119002,116.81418
13072974,129.90889
18446454,205.3088
17409758,21.686022
14107597,43.646736
11715913,39.209976
17867595,84.34396
17929740,29.36165
13794336,12.857508
12591264,34.396633
17018288,21.304598
15941545,66.50874
17542901,10.964912
13345114,58.88743
19047835,64.72015
11132230,32.338436
19854360,166.39215
10012654,134.9924
16568926,20.744982
10903059,148.37495
10261696,89.048676
15152766,216.94894
12738058,81.46816
11700532,73.33219
13484525,120.85304
10235459,3.828634
16453316,22.864351
13225298,7.084234
11593363,193.76941
13902591,171.84099
14406213,93.39311
13940888,51.179443
11251821,36.027046
10413865,110.5599
18765437,33.945282
15842647,105.94563
13578793,110.54056
14381611,10.642002
12961530,146.31366
10251049,136.09537
17051472,62.768475
15699777,16.686647
13927582,27.83359
16380283,162.27827
18287270,113.49234
19399710,173.8358
11890833,211.81279
10655307,124.35306
12531065,63.57762
11867128,153.68929
19836227,62.59599
17005835,45.093533
12401292,49.45809
14856586,212.39763
19822063,40.1923
12527739,42.889145
17847322,41.525055
19269815,58.826893
15981473,13.453439
17815596,64.5243
18431947,144.40866
19491091,80.80429
17571120,68.32854
13959790,6.6594186
19230637,106.52653
17088742,14.692141
11137342,3.828634
19206652,213.71461
17182951,78.78012
13224621,199.2852
19905203,36.21065
16608280,188.69254
16700343,30.718578
15505673,148.75362
11182154,94.59314
18716245,40.752693
14061500,168.17743
10512864,49.277363
11527139,198.8182
12283776,196.8755
15688364,146.41286
13460467,182.75882
16204129,162.85422
13681264,52.39636
14337029,143.01318
19077586,71.683624
19932368,184.36232
16433963,81.77066
12486656,124.16708
11054957,125.98024
14291828,97.064255
14103817,11.390038
14681515,100.95643
15416195,118.731895
13556687,10.4397545
11583704,104.333466
12603718,14.589658
18357319,155.95659
14350844,51.91327
17316651,62.083305
15172637,129.15335
13837437,150.68579
16997918,10.642002
19637443,84.58527
15702969,114.47346
16394867,12.289523
11031105,95.69834
11459632,148.77441
12971741,17.916182
19899373,90.1184
10515327,106.59645
16550761,203.81464
14135729,20.483973
12201423,156.07791
11589382,50.110035
12672483,138.03705
15876239,161.47327
19484196,84.465645
12379970,95.680374
17908106,119.89211
19576240,11.229476
13485137,22.859793
13006321,43.53523
16435957,169.7591
10454071,20.632074
18498779,130.2123
12071364,60.367073
19370901,16.919716
12702791,135.16736
15103291,6.6999826
10173035,157.84605
10324929,151.56999
15019770,63.495705
11100068,188.67557
19818659,169.59608
12149605,36.49658
13880166,212.39763
14795009,6.826787
14468018,132.79218
19781282,192.01988
16324636,52.73793
11278005,116.50056
19521579,18.022274
18264642,206.01129
